1_x,2_x,3_x,4_x,5_x,6_x,7_x,8_x,9_x,10_x,1_y,2_y,3_y,4_y,5_y,6_y,7_y,8_y,9_y,10_y,1_x,2_x,3_x,4_x,5_x,6_x,7_x,8_x,9_x,10_x,1_y,2_y,3_y,4_y,5_y,6_y,7_y,8_y,9_y,10_y,1_x,2_x,3_x,4_x,5_x,6_x,7_x,8_x,9_x,10_x,1_y,2_y,3_y,4_y,5_y,6_y,7_y,8_y,9_y,10_y,1_x,2_x,3_x,4_x,5_x,6_x,7_x,8_x,9_x,10_x,1_y,2_y,3_y,4_y,5_y,6_y,7_y,8_y,9_y,10_y,1_x,2_x,3_x,4_x,5_x,6_x,7_x,8_x,9_x,10_x,1_y,2_y,3_y,4_y,5_y,6_y,7_y,8_y,9_y,10_y
1.0550899292285885,0.9787219750828854,1.0792417665863576,1.0361044401214787,1.0662461759780792,1.0837107250817244,1.0629200250820414,1.1488139010670368,1.0279928921562425,1.0057495086993176,0.9941941018849306,0.919469290856477,1.004372324344735,0.9801833996013962,0.9766475082733231,0.9927121858080068,1.00878983411271,1.0207213223769123,0.9593815225505888,0.9528335133284229,0.9746181793420859,0.9148756954679026,1.0055081679039166,0.9499443042749423,0.974766370262856,0.950606938737473,0.9860025662576851,0.9947076980379989,0.949826725759897,0.9613433315773425,0.9921070476834543,0.9135944587508803,1.006162783507332,0.9764701955353098,0.9817603507494826,0.9460361043463521,0.9755666366778827,1.007854550645362,0.9530141151086952,0.9507828636508492,1.0125867662134012,0.9518000402181808,0.9998086594728609,0.9738000766136947,0.9573536506153948,0.9644625417342281,0.978788656634958,1.0046604166434496,0.9655020705143383,0.9603001141266102,0.9982496112723414,0.923069160885333,0.9905244299873226,0.9611634805593937,0.971238749100514,0.9606198321510554,0.9695635063319348,1.001169819090029,0.9394991961970363,0.9490693726465675,0.986455242240111,0.9211477754526994,0.9825259090387344,0.9475177053995905,0.9752383873307063,0.963739078343966,0.9869484183664881,0.9842479301568333,0.9362019024519193,0.9559859918030684,0.9856878619866265,0.9251572668417326,0.9875492306691143,0.9486529145585996,0.9868999857151973,0.959645576033679,0.9849487755750872,0.9821365205333401,0.9176221907503638,0.9525409262531085,0.9866601145195109,0.9255800457817164,0.9862633023139216,0.9517156256838553,0.9799982061601961,0.9583422056900289,0.987416403869872,0.9808521283397701,0.9341349194224822,0.9546855650543912,0.9908594671726317,0.9260893320609698,0.9869682871460583,0.9519127592433774,0.9797239933413748,0.959330774398785,0.9894971859558196,0.9808618935867346,0.9411169429494274,0.9541074251684502
0.0,0.0,0.0,0.0,0.0,0.0,0.0,0.0,0.0,0.0,0.0,0.0,0.0,0.0,0.0,0.0,0.0,0.0,0.0,0.0,0.0,0.0,0.0,0.0,0.0,0.0,0.0,0.0,0.0,0.0,0.0,0.0,0.0,0.0,0.0,0.0,0.0,0.0,0.0,0.0,0.0,0.0,-0.21260459337124984,0.0,0.0,0.0,0.0,0.0,0.0,0.0,0.0,-0.19785310687213345,0.0,-0.17370024912278414,0.0,0.0,0.0,0.0,0.1913287475407426,0.0,0.0,-0.40115849478718973,-0.20426087799140724,-0.19043580980092242,-0.30266124917336756,0.0,0.0,0.057177887080213104,0.1886302333469767,-0.2458349268041558,0.0,-0.37080189199966634,-0.20564564778272726,-0.208252440170561,-0.27487249123342233,0.0,0.0,0.09991025311005541,0.6806360714880828,0.0,0.0,-0.273523218215902,-0.18330167139500583,-0.1627358838180461,-0.20136486369860693,0.07192588142401414,0.052888522579747084,0.07799617770026276,0.47368159996750636,0.014091601076864994,-0.029281582241750925,-0.2731546801664564,-0.1681466743341673,-0.1882643632069403,-0.18452311331144244,0.06675531560161119,0.011300064001801502,0.11871711330850587,0.4121238530226492,-0.06845697533134398
0.0,0.0,0.0,0.0,0.0,0.0,0.0,0.0,0.0,0.0,0.0,0.0,0.0,0.0,0.0,0.0,0.0,0.0,0.0,0.0,-0.1911129848722047,0.0,-0.3260831659218633,0.0,-0.23594971758757086,0.0,0.0,0.0,0.0,0.0,0.0,0.0,-0.2760924585416637,0.0,0.0,0.0,0.0,0.0,0.0,0.0,0.0,0.0,0.0,0.0,0.0,0.0,0.0,0.0,0.0,0.0,0.0,0.0,-0.28820331120225395,0.0,0.0,0.0,0.0,0.0,0.18421722218575898,-0.1374041455104256,0.0,0.0,0.0,0.0,0.0,0.0,0.0,0.0,0.13492587224614055,-0.16481978764129337,0.13894219495411056,0.10635299008809826,-0.12238240579295671,0.0,0.0,0.10149175826453077,0.21349161865598923,0.0,0.3592943224284238,0.0,0.15527891171083588,0.14337278208464366,-0.13489906794589432,0.0,0.10435926555969292,0.1460916471213338,0.24312238311786286,0.0,0.36935938731476076,0.0,0.16794155670335442,0.19681879314775585,-0.11260608818159312,0.04678980533749666,0.12237691608088141,0.15549035875228867,0.2569247227828413,0.02742459240916162,0.3323435127811365,-0.05081178159936428
0.0,0.0,0.0,0.0,0.0,0.0,0.0,0.0,0.0,0.0,0.0,0.0,0.0,0.0,0.0,0.0,0.0,0.0,0.0,0.0,0.0,0.24201275707670378,0.0,0.0,0.0,0.0,0.0,0.0,0.0,0.0,0.32704836566746903,0.0,0.0,0.0,0.0,0.0,0.0,0.37334690133693904,0.30941693609848686,0.0,0.6593979581834225,0.0,0.0,0.0,0.0,0.0,0.0,0.0,0.13965833282286322,0.0,0.555492762878236,0.0,-0.19491033042417555,0.15762927111590533,0.34984167898103713,0.0,0.3651380700846642,0.0,0.2009459900816886,0.0,0.6266794441979889,0.20103863904919086,0.0,0.0,0.3354522250439712,0.0,0.3285247620842661,0.1367699642035094,0.3112883633926562,0.0,0.6149998956064407,0.19260258080916068,0.0,0.17920152567411693,0.2150019206006132,0.14607727345219768,0.5456961402505037,0.22217214565603027,0.638681805264679,0.2863439750436359,0.6636496203397282,0.2756984553074463,0.0,0.16792987678693114,0.37430443236992894,0.18731026367904774,0.6010263437611117,0.2157109022327062,0.5938807971925735,0.27631300682978877,0.643408379987747,0.32198391815583705,0.05498565177050807,0.21344306354922082,0.381613143559008,0.19878249951905502,0.6032139615306704,0.20935500405325058,0.5277931726321015,0.2196664582956913
0.0,0.0,0.0,0.0,0.0,0.0,0.0,0.0,0.0,0.0,0.0,0.0,0.0,0.0,0.0,0.0,0.0,0.0,0.0,0.0,0.0,0.210452608000877,0.0,0.23966518713440144,0.0,0.0,0.2920668712746793,0.0,0.22363499083375296,0.0,0.0,0.1653917463756099,0.0,0.18613310381135903,0.19978316090044967,0.16248836327031338,0.21482988319792154,0.0,0.16275273241618998,0.0,0.39610471757242194,0.0,0.1987478742315409,0.2521339616863527,0.17424281808569447,0.19618783061423478,0.22088866924826056,0.1704879865899972,0.21182938755312344,0.11749256688767296,0.45164650439836707,0.24088199879760128,0.14298508880228383,0.4396456497244202,0.3967817796993955,0.22116690551461857,0.4259678059975167,0.1336134155679364,0.3164106204034566,0.11164987770405874,0.48456628996788614,0.4183681015175919,0.32397808495599884,0.42610382578642597,0.3866428436067699,0.25317540657936993,0.3991171375129019,0.12813214020550284,0.3071101934368622,0.1488001730438232,0.4587613615465494,0.34460752837267755,0.29677465827479765,0.5112395343782813,0.3756754167364666,0.3447414449985794,0.4137285821426857,0.17496288356955453,0.2640925849695951,0.19499539278803907,0.4262698261049925,0.3315879919581284,0.2818214696238584,0.49502143093037293,0.42852097932858413,0.34322292536365756,0.42111830332603417,0.200789712051961,0.3420247429770375,0.19255154969426497,0.43873782494063107,0.367548964766101,0.2851617325789846,0.5176453455470948,0.45013800188110054,0.3123898544340875,0.4185784540147921,0.21548332725357966,0.29313703837648575,0.18441778819892818
0.0,0.0,0.0,0.0,0.0,0.0,0.0,0.0,0.0,0.0,0.0,0.0,0.0,0.0,0.0,0.0,0.0,0.0,0.0,0.0,0.0,0.0,0.0,0.0,0.0,0.0,0.0,0.0,0.0,0.0,0.0,-0.19777307541748607,0.0,-0.25538712818688275,0.0,0.0,0.0,0.0,0.0,0.0,0.0,-0.15734244289103896,0.0,-0.2795207248270285,0.0,0.0,0.0,-0.259470788935992,-0.1877955588225495,-0.17451030850893062,0.0,-0.1576798437080009,-0.13336085305907222,-0.262407841355262,0.0,0.0,0.0,-0.2783664056213916,-0.11966474561174639,-0.14877869651178707,0.0,-0.11585041744051938,0.0,-0.2535250961775836,0.0,-0.1149215999368911,0.0,-0.18153169407219202,0.0,-0.07133217349543716,0.0,-0.10147118526972823,0.0,-0.24717529163499702,0.0,-0.09379443077168362,0.0,-0.2236534946809785,0.0,0.0,0.0,-0.11360502245181033,0.0,-0.21011799308836926,0.0,-0.08385032567829538,0.0,-0.21870093296614182,-0.08061741512394305,-0.0663667514423054,-0.021428610793350344,-0.1012712622161871,-0.01527819235192851,-0.20764790640996011,0.016856131075257963,-0.06619149364674115,0.030506456399095327,-0.2422321334658193,-0.08081027833128474,-0.07571482158500942
0.0,0.0,0.0,0.0,0.0,0.0,0.0,0.0,0.0,0.0,0.2266512607850414,0.0,0.0,0.0,0.0,0.0,0.0,0.0,0.314400342192351,0.0,0.2518305725771273,0.27037220077264323,0.24577512946844202,0.2660312749612398,0.254810694953027,0.0,0.3063366857689038,0.19099549046716705,0.0,0.0,0.40271413444587184,0.0,0.3290347583032807,0.0,0.3749642827360733,0.0,0.0,0.0,0.0,0.0,0.0,0.0,0.0,0.0,0.0,0.0,0.0,0.0,0.0,0.0,0.0,0.0,0.0,0.0,0.0,0.0,0.0,-0.26614549898877865,0.0,0.0,-0.1702860967429235,0.0,0.0,0.0,0.0,-0.09774506767396339,-0.12313561251469948,-0.3185498889140374,0.0,0.0,-0.2494875447548803,-0.13097621749121138,0.0,-0.08623214502165884,0.0,-0.15909673489755274,-0.26406283280641835,-0.47162994099540884,-0.4818901166838971,-0.22012174826667769,-0.31172918565235536,-0.2792652731271435,0.0,-0.0934332797965068,-0.15056256229740067,-0.19449275880629635,-0.3594838859541736,-0.5036566738391479,-0.4290289048607135,-0.25792176908437836,-0.34092780977199766,-0.2798147331274379,-0.02148969140951351,-0.130183386997345,-0.1540327293191126,-0.1982629439082757,-0.3226371963720709,-0.5517439711673404,-0.4181412446500161,-0.22484649267610735
0.0,0.0,0.0,0.0,0.0,0.0,0.0,0.0,0.0,0.0,0.0,0.0,0.0,0.0,0.0,0.0,0.0,0.0,0.0,0.0,0.0,0.0,0.0,0.0,0.0,0.0,0.0,0.0,0.0,0.0,0.0,0.0,0.0,0.0,0.0,0.0,0.0,0.0,0.0,0.0,0.15532003844543366,0.1298446041706885,0.1912744245299281,0.0,0.2759878622800489,0.18659365627574456,0.1643080838195154,0.21855567006031743,0.15646694585703408,0.20159412683489902,0.3061050766724451,0.1783486755935647,0.1993002788773308,0.0,0.49437769215582955,0.21655358036811778,0.3070626761132795,0.29784343805860314,0.34804054084558045,0.23229998264041438,0.5490337939554463,0.23282978833778392,0.4629339789727531,0.15809717845527424,0.408629307164373,0.3628110553976337,0.45574139865554875,0.35219434119548526,0.34867803562936395,0.17466630235327824,0.6902096736813559,0.32984225822914065,0.4199700186296992,0.21815592469626147,0.49484760745423123,0.4752549913553416,0.584324667621156,0.530717338955087,0.9357901684950155,0.5143319233449136,0.6880618152973282,0.4435042703382247,0.42204444038400557,0.29137845617742514,0.6434904854955705,0.5314680484677935,0.691740826841448,0.5396864054143171,0.8624670906174872,0.5168547228565761,0.7299268516460842,0.5033394235946957,0.41760646404114254,0.32386452300039537,0.6776836396702777,0.5318792867431199,0.6600811185081028,0.579040396075925,0.7947297251686649,0.42973949340148465
0.0,0.0,0.0,0.0,0.0,0.0,0.0,0.0,0.0,0.0,0.0,0.0,0.0,0.0,0.0,0.0,0.0,0.0,0.0,0.0,0.0,0.0,0.14398638917056575,0.0,0.0,0.0,0.0,0.0,0.0,0.0,0.2412249950058182,0.0,0.24771632836507534,0.0,0.0,0.0,0.0,0.0,0.0,0.0,0.0,0.0,0.0,0.0,0.0,0.14922833491800172,0.0,0.0,0.0,0.0,0.0,0.0,0.0,0.0,0.0,0.0,0.0,0.0,0.0,0.0,0.0,0.0,0.0,0.0,0.0,0.0,0.0,0.0,0.0,0.06178086335005536,0.0,0.0,0.05077735022603824,0.0,-0.11080883892774371,0.0,0.0,-0.15937986796073583,-0.19068260406576795,0.0,-0.06764185765948447,-0.09568258968716667,0.06518549231705917,0.0,-0.167283154571648,0.0,-0.09898198175671953,-0.1893809235787765,-0.2629601504257379,-0.041078155729970915,-0.12404244776953988,-0.11429489794099368,0.07156382381226933,-0.031060838379431743,-0.1758913402721447,-0.012064204201564621,-0.06675035967178644,-0.22272329380292888,-0.25416458209308246,-0.024777496135996557
-2.480060193963831,-2.4678039643993905,-2.4175700356547654,-2.450152596126039,-2.4302957246660752,-2.4108115789832327,-2.4338285116201672,-2.3486403172100183,-2.3949716513102532,-2.4262562461401034,-2.229660114310385,-2.3135572607461556,-2.3177579915749016,-2.305936205857029,-2.3259395760525075,-2.275320233395206,-2.341281227951282,-2.303876265644538,-2.190235519358103,-2.2798253491687275,-2.323179834881219,-2.3391373593123244,-2.2221778223387187,-2.256736005826515,-2.2906131809009533,-2.2835198646270194,-2.2221149518530505,-2.225503469284678,-2.5824987918913815,-2.245613403422377,-2.1993811351915564,-2.42571470269973,-2.1675852670056663,-2.4881588422325662,-2.32347461142782,-2.3418837832756623,-2.6543527849739146,-2.319886260403243,-2.655698003355826,-2.393557207182638,-2.4176296266489707,-2.4312482261756316,-2.556226272645344,-2.5636704199325635,-2.593394985185358,-2.5561008075426717,-2.5941671963343262,-2.5137461490045014,-2.71659413753504,-2.5079029322338675,-2.5483804175681395,-2.6351088116632884,-2.4414019150933264,-2.605300134272844,-2.742080807316768,-2.3829143442448424,-2.701831480565067,-2.5677128718028763,-2.8058705528515175,-2.542385435465227,-2.777972920307163,-2.618387663230833,-2.6317943572595386,-2.6521737116263266,-2.772119184418401,-2.5281714234628834,-2.780976649329482,-2.6546186676335117,-2.80755855738905,-2.5515066748962996,-2.8530633960097282,-2.653781615337657,-2.604119334423058,-2.697459539177484,-2.672437194933895,-2.628131765375287,-2.8866033729285254,-2.8049153385826853,-3.0897916679374253,-2.7361179327303784,-2.843257976563631,-2.758792999518416,-2.5976952729148706,-2.698398058659917,-2.812881889821941,-2.6451559101776434,-2.961718335753864,-2.8143197813234275,-3.1086382660802374,-2.7449461816564096,-2.8648379136566575,-2.7957310164574807,-2.6229548661190876,-2.7422371090216586,-2.836256670680015,-2.624998058947284,-2.9304130609523895,-2.829197816510984,-3.06560101882782,-2.706454113881179
0.0,0.0,0.0,0.0,0.0,0.0,0.0,0.0,0.0,0.0,0.0,0.0,0.0,0.0,0.0,0.0,0.0,0.0,0.0,0.0,0.0,0.0,0.0,0.0,0.0,0.0,-0.15299679342546083,0.0,0.0,0.0,0.0,0.0,0.0,0.0,0.0,0.0,0.0,0.0,0.0,0.0,0.0,0.0,0.0,0.0,0.0,0.0,-0.11502262016064684,0.0,0.0,0.0,0.0,0.0,0.0,0.0,0.0,0.3800062370338515,0.0,-0.29246504355968284,0.1055750048523861,0.0,0.24776913284156352,0.26310373922354924,0.6734095338456089,0.17420710691686817,0.10449608707799095,0.41792692245606045,0.1622945096839586,0.0,0.3222690925748124,0.0,0.5938276036757311,0.3643241596009551,0.6453321764419123,0.25176170858461444,0.6722340209862978,0.5084507239696919,0.30145338359642104,0.1214168016254186,0.914009394108072,0.45740744293477303,0.6450484551401797,0.47546641563366715,0.6143451667663171,0.5180685053404747,0.7282480801822295,0.6783099328974643,0.41250399743046995,0.11653777538722228,0.9789297544060706,0.4352095379962265,0.8052641942222607,0.6470310609784207,0.5419329634645891,0.5793045215145725,0.7895466208516524,0.725713312439936,0.44988158907283093,0.16070650415306886,0.9352768701190115,0.29755687037530265
0.0,0.0,0.0,0.0,0.0,0.0,0.0,0.0,0.0,0.0,0.0,0.0,0.0,0.0,0.0,0.0,0.0,0.0,0.0,0.0,0.0,0.0,0.0,0.0,0.0,0.0,-0.18821476988780006,0.0,0.0,0.0,0.0,0.0,0.0,0.0,0.0,-0.15563140377759352,-0.3046856627141312,-0.18943330505330963,0.0,-0.22334405813140085,-0.21923962225656543,0.0,-0.3725974475058102,-0.31662560610475804,-0.2925831081760978,-0.3292649471231963,-0.38476477157034905,-0.22806867878875292,-0.24826115606633384,-0.15378448098176933,-0.30470419430314316,-0.4360839434457555,-0.27148099365136086,-0.5444824203688411,-0.3438878607924331,0.0,-0.35596887342525707,-0.46560176317693236,0.0,-0.24523946127071067,-0.2891171446426688,-0.44013911160503194,0.0,-0.46637926400376284,-0.5220478229230391,0.0,-0.317578426999154,-0.331402078243077,0.0,-0.41957444903794805,0.0,-0.326969469691869,0.0,-0.4394057507173134,0.0,0.0,-0.22205994716943744,-0.3077806030941741,0.709033849350618,0.0,0.0,-0.2182246894017788,0.0,-0.19829858464152758,0.0,0.17399739588767704,-0.14627315648778078,-0.3650542363687692,0.6319346734477704,0.0,0.11159362277942364,-0.10251861368800519,-0.0426609839585268,-0.20130431822107653,0.050897929883589654,0.22601243194422693,-0.11408129289257829,-0.31682664997636323,0.5843925497861733,-0.17003982926389938
0.0,0.0,0.0,0.0,0.0,0.0,0.0,0.0,0.0,0.0,0.0,0.0,0.0,0.0,0.0,0.0,0.0,0.0,0.0,0.0,0.0,0.0,0.0,0.0,0.0,0.0,0.0,0.0,0.0,0.0,-0.36681254604724084,0.0,-0.14100384094666996,-0.16723734213825586,0.0,0.0,0.0,-0.24306669017224383,0.0,0.0,-0.25847431806175525,0.0,-0.15528869581163268,-0.1468430096559349,0.0,-0.2102583630974492,0.0,-0.13335002893054718,0.0,0.0,-0.3033104175642481,0.0,0.0,-0.18511508692946696,-0.19400247002077964,-0.22417644585437044,-0.31890808519746605,0.0,0.0,-0.0673120096148098,-0.3820619794749427,-0.23703088737058936,-0.34827552080073865,-0.1874850964282386,-0.3243705571437005,-0.2341195261463513,-0.3333214710384699,-0.20340993279965244,-0.1779588877495293,-0.16800339850181545,-0.49598103633514656,-0.2496640984451645,-0.3535636987106507,-0.2946077030975751,-0.4183384348825661,-0.31085072184586576,-0.4792544012862946,-0.2354876630922198,-0.394539903934315,-0.3710486040439134,-0.5334571245919425,-0.3110556921587287,-0.34911989733454657,-0.3829685724661012,-0.4790751147406176,-0.3830565264601349,-0.5212464767900238,-0.20991556182707938,-0.4240452143135881,-0.3531452328318719,-0.577926640911059,-0.36743486572615325,-0.3481801519955212,-0.4141847123311351,-0.48698943009459583,-0.40116915773791106,-0.540171222064231,-0.2079272521419,-0.41384038571199255,-0.31314849212785134
0.0,0.0,0.0,0.0,0.0,0.0,0.0,0.0,0.0,0.0,0.0,0.0,0.0,0.0,0.0,0.0,0.0,0.0,0.0,0.0,0.20054501616018983,0.0,0.0,0.0,0.0,0.0,0.0,0.2417964636494077,0.0,0.0,0.0,0.0,0.0,0.0,0.3050218968283336,0.0,0.0,0.0,0.0,0.0,0.0,0.0,0.0,0.0,0.0,0.0,0.0,0.0,0.17278851647849802,0.0,0.0,0.0,0.0,0.0,0.0,0.569473740055828,0.2808189693017155,0.0,0.31029966649893326,0.0,0.11430389250459103,0.435394561486943,0.646005041488024,0.2944442888136373,0.3436323688971247,0.637656270165554,0.3233266964637456,0.0,0.36270729503837784,0.0,0.4060135941515157,0.571246817605094,0.5400024807471661,0.3881330408971133,0.891164409457456,0.6214455012751852,0.307520345687728,0.32601173402139183,0.8136301248108615,0.31636434923560397,0.5367020137525208,0.6356707471297126,0.49839331015932836,0.5559717379244862,0.9342890605028494,0.7094942129181464,0.45584914355868345,0.3456380571543033,1.0284825249556853,0.33564386214850433,0.7607820222235517,0.7727171370656691,0.41000350378772055,0.6349917899928528,0.965908822486611,0.7598342808196037,0.4485072703174211,0.40936328185260606,1.0135134281259184,0.2588329679839916
0.0,0.0,0.0,0.0,0.0,0.0,0.0,0.0,0.0,0.0,0.0,0.0,0.0,0.0,0.0,0.0,0.0,0.0,0.0,0.0,0.0,0.0,0.0,0.0,0.0,0.0,0.0,0.0,0.0,0.0,0.0,0.0,0.0,0.0,0.0,0.15413607140109598,0.0,0.0,0.0,0.0,0.18291503747498336,0.0,0.0,0.0,0.0,0.0,0.0,0.0,0.0,0.0,0.09727690916646854,0.0,0.12204639606772336,-0.10017932417097178,0.0,0.422578101365485,0.19863736248797104,0.0,0.19184784600982355,0.0,0.09003559974021678,0.157331000700628,0.3845357564726073,0.0,0.1738227859407164,0.376347134707738,0.20715796297628092,0.11306310970467758,0.35990303461495154,0.08219505345797812,0.2608039578854773,0.19801193133267442,0.36749960444216206,0.0976003505475463,0.47309678995254567,0.359942705219494,0.23516946055728213,0.13243374180884165,0.6123223314550658,0.23515996644835457,0.2932076343378341,0.23806612221900258,0.3544542204611429,0.2226272962632828,0.45746096739182873,0.4334437679945076,0.28789855502330947,0.12054323275777251,0.6342757734465956,0.23007974098110404,0.3721500328925771,0.2769421801588834,0.3366767921007465,0.23251691310981926,0.47474412172456937,0.44999600581633104,0.30537359811455644,0.14484617425321744,0.6502419865023796,0.18604755506173376
0.0,0.0,0.0,0.0,0.0,0.0,0.0,0.0,0.0,0.0,-0.5296395062485809,-0.492165354473261,-0.6047821818615257,-0.4917611847625618,-0.3894461936658653,-0.5219373252551476,-0.5751869193800593,-0.43017469614398895,-0.47927290860799093,-0.5685470196264987,-0.4525937632006492,-0.4581481608823371,-0.6091331745464622,-0.39419575196190204,-0.4265002466891747,-0.30447066015281443,-0.6023906345545812,-0.2461676260650764,-0.3318347710238609,-0.40704643111164507,-0.30771723484143443,-0.31927704066576984,-0.4798187014955913,-0.3378545648561953,-0.19810329689116107,-0.4289781235164165,-0.5927510984097486,-0.5550421547117649,-0.38538908059274934,-0.4277807354498897,-0.6342337333941565,-0.3035939582748784,-0.7719689533037,-0.5856896445927657,-0.4877997976011424,-0.5608437584213235,-0.6002646011846625,-0.5572966957979377,-0.4743229338372041,-0.4426096957514004,-0.6350641799585508,-0.6681908652066118,-0.725833645826341,-0.6830098671293316,-0.5366099442941831,-0.26703417330469414,-0.5604347723641767,-0.7478276807762916,-0.3613741419887732,-0.5579929973576011,-0.6478366808426744,-0.5642672087353923,-0.43470731537665447,-0.5785842858951463,-0.6357924559531082,-0.24865866817315332,-0.5868297639785667,-0.8135901743847171,-0.4323564882022687,-0.7133130768741366,-0.4478897920269817,-0.4369525673967829,-0.47114916483379404,-0.5810823888039693,-0.2540864914142253,-0.233000247809729,-0.464942596294992,-0.7501489827812687,0.0,-0.45814422810502375,-0.38319808774221886,-0.41318643081343465,-0.4735108980380515,-0.4487502768016653,-0.24417326548375579,-0.12192064103681197,-0.4411151522654022,-0.7929464912082326,0.0,-0.4493302266722109,-0.29689459147076036,-0.298857884066166,-0.5218180223549069,-0.424008001390888,-0.22258839366664063,-0.05811858348928922,-0.40071278639830155,-0.7492951286178311,-0.06938556648171357,-0.5506692762932346
0.0,0.0,0.0,0.0,0.0,0.0,0.0,0.0,0.0,0.0,0.0,0.0,-0.20631258070080763,0.0,-0.29378611950925526,0.0,0.0,-0.2270338868635085,0.0,-0.2316217186677887,-0.2010904932349861,0.0,-0.22755128282065085,0.0,-0.2746598916052152,-0.22354967320423494,0.0,-0.21030367962998542,0.0,-0.27905977176846253,0.0,-0.12569147269489034,-0.15800824341865538,0.0,-0.2872950839891925,-0.17806837900426287,0.0,0.0,0.0,-0.18241240102424122,0.0,-0.13554109995758748,0.0,0.0,-0.13604802623192058,0.0,0.0,0.0,0.0,-0.16853382523899704,0.0,0.0,-0.2253364543781981,0.0,0.0,-0.2635531614365743,0.0,0.0,0.0,-0.18005953322976018,0.0,-0.14043932002517492,-0.31817285603793893,-0.08352584762300924,0.0,-0.29188084910756373,0.0,0.0,0.0,-0.10729823101190038,-0.11114905984702743,-0.18672505134284395,-0.32449505260212363,-0.08293691844970733,-0.37219017745545757,-0.24346125938787624,0.0,-0.07665763943713483,-0.21307511045405303,-0.19869558609346066,-0.1694558659439684,-0.20271877848257103,-0.3093477256058946,-0.17933138797550893,-0.3339939405866463,-0.303765195601695,0.013402157453417926,-0.07769405442291843,-0.24247967765464,-0.21223314946707397,-0.24302019501212158,-0.24663672592696173,-0.2653267762783429,-0.1919848652793803,-0.3459662324270596,-0.3303605562213505,-0.003162942879015418,-0.11448034287512598,-0.2504091735307554,-0.183574721848359
0.0,0.0,0.0,0.0,0.0,0.0,0.0,0.0,0.0,0.0,0.0,0.0,0.0,0.0,0.0,0.0,0.0,0.0,0.0,0.0,0.0,0.0,0.0,0.0,0.0,0.0,0.0,0.0,0.0,0.2225203684854972,0.0,0.0,0.0,0.0,0.0,0.0,-0.41228695689157246,-0.2767979853518467,-0.2805648616652277,0.0,0.0,0.0,-0.21319722586970702,-0.2502203266520773,-0.319235143640437,-0.26609254384235514,-0.44819676871095543,-0.3020863989215078,-0.3188734998313464,0.0,0.0,-0.3439750937779372,0.0,-0.3709959221543289,-0.23991236292895035,0.533400730622912,0.0,-0.39636861111756916,0.0,0.0,0.0,0.0,0.5156286178362145,-0.16417096404058654,-0.2232335835628111,0.5007552271153796,0.0,-0.17908466421695382,0.17306376236172927,0.0,0.34021633128352363,0.15444539155586987,0.4782795376349848,0.0,0.5642045939393474,0.4977326379461458,0.0,0.0,1.057645608304525,0.47634788764641367,0.4253943977368868,0.28766699968335213,0.45917205560744134,0.3003535862545035,0.5925190668105116,0.682329676257499,0.1900045991683371,0.0,1.065493072811205,0.482153595667025,0.6366601912197041,0.41331693394468516,0.36903036696398317,0.3232640669571083,0.6457891632997246,0.7292482952438064,0.19228437779705132,0.09543166492561284,1.0390849016276462,0.3348312726280369
0.0,0.0,0.0,0.0,0.0,0.0,0.0,0.0,0.0,0.0,0.0,0.0,0.0,0.0,0.0,0.0,0.0,0.0,0.0,0.0,0.0,0.0,0.0,0.0,0.0,0.0,0.0,0.0,0.0,0.0,0.0,0.0,0.0,0.0,0.0,0.0,0.0,0.0,0.0,0.0,0.26689163667966403,0.0,0.0,0.0,0.0,0.19116147015520848,0.0,0.0,0.0,0.0,0.3873253173492648,0.0,0.0,0.1418318425762903,0.2536556496421581,0.4879437154994793,0.41220148080394176,0.0,0.0,0.0,0.5512471837897334,0.4413139245584027,0.5718106072212585,0.2927297281971142,0.3794609401024869,0.58360255098369,0.5328569945371114,0.0,0.0,0.1782236700498139,0.7474295714200276,0.5427157400455,0.5490748336329468,0.45025860523735434,0.6478227134920703,0.7009078402810737,0.6446592287787422,0.1639062197697451,0.4396629964194313,0.49960338992174647,0.8083864166304311,0.5611005820186262,0.5219145704962074,0.5727088647254165,0.7408282229067613,0.7789321470400401,0.7260748464293167,0.21147926157171112,0.5220324514131823,0.4782771507452098,0.9227337764664298,0.6875187536439995,0.4589536090078923,0.6429289113284398,0.7773360547878809,0.8114313456561462,0.7497784430658925,0.25069733109812375,0.45074736242737856,0.4015643735733647
0.0,0.0,0.0,0.0,0.0,0.0,0.0,0.0,0.0,0.0,0.0,0.0,0.0,0.0,0.0,0.0,0.0,0.0,0.0,0.0,-0.31923800814021974,-0.1593210209187303,0.0,0.0,-0.25211783552758776,0.0,0.0,0.0,0.0,0.0,0.0,0.0,0.0,0.0,-0.33438592450657517,0.0,-0.3166724506167194,0.0,-0.31120460478077433,-0.16561862468688665,0.0,0.0,-0.3768510015085146,-0.167796425700025,-0.3732952198384861,-0.2752951286184692,-0.33361225844131925,0.0,-0.3863115732642686,-0.16692800227365026,0.0,-0.23003597350553373,0.0,-0.250280628390691,-0.5088480568690379,0.6258011495192605,0.0,-0.19890515605733466,-0.24901489353875236,-0.16921453740732056,0.0,0.3824386276457867,0.6157957894465088,0.0,-0.248829233483785,0.6586933161947509,0.15315914874011788,0.0,0.0,0.0,0.36383154018010544,0.5270144600639244,0.6303785347707532,0.2528266046174067,0.65381272909693,0.642766160651891,0.2707012808720944,0.0,0.6601505812812323,0.3472885251569625,0.5220312997335138,0.553958262986386,0.5994104707000878,0.5677698174607189,0.5905526877233813,0.8349186279435205,0.35683893513694553,0.0,0.7392594464310273,0.3481185090750276,0.7422879891727803,0.6964497772467411,0.4852268567790361,0.6053333661530758,0.6209213121212827,0.9200726056553634,0.4415392609720499,0.08665469850231489,0.767782711698473,0.23802052664106554
0.0,0.0,0.0,0.0,0.0,0.0,0.0,0.0,0.0,0.0,0.0,0.0,0.0,0.0,0.0,0.0,0.0,0.0,0.0,0.0,0.0,0.0,0.0,0.0,0.0,0.0,0.0,0.0,0.0,0.0,0.0,0.0,0.0,0.0,0.17435488478138408,0.0,0.0,0.36810280285692876,0.0,0.0,0.6362408290814907,0.0,0.0,0.37157064903149273,0.3073872546727788,0.2773882997331404,0.24332962030062447,0.34770479433032986,0.3641119577103959,0.0,0.6534021772492591,0.2018454439431742,0.3086665881861477,0.3799447315948524,0.2781215211964682,0.7269929571525062,0.6622606241720663,0.4013659417509496,0.42971028453166304,0.0,0.7404866812831279,0.741511900377194,0.756188271189611,0.5625919583016801,0.6063272887787062,0.8543481328639722,0.7760038405847001,0.35983965098325604,0.530678136052132,0.0,0.9128114268308231,0.7637130463488525,0.7390934409694094,0.811031766145676,1.0063806758939995,0.9244105192755546,0.8212199300566586,0.6343197026179523,1.0535704429115647,0.41707424059654413,1.0100361519057375,0.828758030071682,0.6903965414994622,0.9195126594443322,1.1469337775443913,1.0277120242485658,0.9266734689528578,0.6691164672680043,1.2045743016219013,0.4501729295932439,1.16968656718133,0.951173939260741,0.667840148076948,1.0027160592268416,1.1896075100220713,1.0070832344443659,0.9007631454157377,0.7772520088098958,1.1432422329028213,0.35208658294016004
0.0,0.0,0.0,0.0,0.0,0.0,0.0,0.0,0.0,0.0,0.0,0.0,0.0,0.0,0.0,0.0,0.0,0.0,0.0,0.0,0.0,0.17326327215115858,0.0,0.19986153564633719,0.0,0.0,0.21468391656880284,0.0,0.0,0.0,0.0,0.0,0.0,0.0,0.0,0.0,0.0,0.0,0.0,0.0,0.49327194602260294,-0.23473986770581354,0.0,0.0,0.0,0.0,0.0,0.0,0.0,0.0,0.5010631400281625,0.0,0.0,0.3430091487623443,0.4361579786270664,0.0,0.4438472964796788,0.0,0.0,0.0,0.5574110591968895,0.15132613286206717,0.0,0.22401785761653986,0.25364958774906265,0.0,0.3237370754272824,0.0,0.0,0.0,0.3868364883835311,0.0,0.0,0.36075308278853174,0.0,0.15429851131695496,0.27186186535578466,0.12368408690745701,0.0,0.10696118757825687,0.31402177481570515,0.0,0.0,0.2652359461827215,0.13653213212310353,0.11517436749769447,0.31840677945706214,0.19515118853064545,0.0,0.10572452614956511,0.2777855787377348,0.01587471565930798,0.015306225362735404,0.2812165532973978,0.1586141082334933,0.05983295408292122,0.2622145379644394,0.20985160914362666,-0.12947491346137951,0.094337759440009
0.0,0.0,0.0,0.0,0.0,0.0,0.0,0.0,0.0,0.0,-0.24699192756531616,-0.2562126914491932,0.0,-0.3762500594018435,0.0,-0.33365286722145765,0.0,0.0,-0.2109782393406748,0.0,0.0,0.0,0.0,-0.20802115486188297,0.0,-0.21320076425757373,0.0,0.0,-0.35264792150496144,-0.2553410892066581,0.0,-0.2341658698460316,0.0,-0.2987532352464171,0.0,-0.26741255904198985,0.0,0.0,0.0,-0.1953957921056393,0.0,-0.3355845612789969,-0.28941630855883244,-0.3397765187573561,-0.3024899464192562,-0.3373885681390664,-0.14379414679219507,-0.29369204076163846,-0.26636741542372827,-0.2635392621086219,-0.1728925259782707,-0.4486407725289434,-0.285445747286421,-0.27364499954141586,-0.21289313960386105,-0.3299232460287052,0.0,-0.30191456093095326,-0.27448899268165533,-0.2643566035263208,-0.27915674474987373,-0.49337944934675515,-0.45061532179222863,-0.39111919560111835,-0.29140235697979283,-0.39833525901759825,-0.19119128185338574,-0.3498951504232514,-0.3321109553994937,-0.3099308994468471,-0.4483337279181409,-0.5547904468529385,-0.4445912354060557,-0.37683585430238536,-0.47853526161039484,-0.41530400805304785,-0.2533164297000967,-0.320525082547368,-0.46013164656367983,-0.40154993863398736,-0.41534800840247027,-0.5771353922494302,-0.4230084477231381,-0.46808668973028705,-0.47428057973748927,-0.475579292689432,-0.264950817174924,-0.3218748966759386,-0.4611417473532033,-0.39956801446864854,-0.458192614203881,-0.598800982318096,-0.4067950234683906,-0.47469062337442836,-0.4954877915811835,-0.46590657703085014,-0.27642242395795336,-0.3588350480895741,-0.4897393918765971,-0.3779071609007616
-1.6241281902455864,-1.677901787090833,-1.6580485657050357,-1.749563659967241,-1.6458500340876787,-1.6471984868324387,-1.750404183401465,-1.7615649580985073,-1.645165512174749,-1.6613327716817246,-1.4911954820323974,-1.5743089510835666,-1.5144861916216237,-1.542012582515072,-1.5182684284252668,-1.4640154960556357,-1.5762967221714643,-1.5840903534221211,-1.5626326887484059,-1.5284332264153204,-1.527751149441472,-1.6395179409476721,-1.532339238412224,-1.6170672079863,-1.5273852819381564,-1.3802509919313584,-1.5686878494021568,-1.6447917505678358,-1.3959642377320827,-1.37944422017437,-1.4251231041014232,-1.4427346216673316,-1.4819680729322926,-1.3345479361901156,-1.5924318440760392,-1.3785887731899344,-1.4795753647364045,-1.4172203964784766,-1.4910505865958885,-1.3708305424812917,-1.417628766794666,-1.394784495233161,-1.255460004842069,-1.2079890158670914,-1.2988390003436039,-1.2276551436733463,-1.3909992368429598,-1.2638441267717475,-1.268237614636645,-1.3614599955206466,-1.3228395743310102,-1.191953902117004,-1.299641188124368,-1.1591405159948238,-1.348642912010025,-1.2432562735669337,-1.4366453618134278,-1.3458589861002672,-1.4337999499650633,-1.3269704931542123,-1.1889200838596796,-1.0946404161831638,-1.1259254222571167,-1.128885861448822,-1.1301386920572933,-1.2118124453546497,-1.2999487655161912,-1.2471475236473164,-1.2861497866838427,-1.165435240809227,-1.1192242288789918,-1.0810708822247848,-1.1198861612553728,-1.0901134932565182,-1.070184396795144,-1.1742204070926985,-1.2367510454162107,-1.2411206846871696,-1.3316428186353253,-1.1648796782457258,-1.108348409530508,-1.0522022843538095,-1.1359040321200613,-1.0604634737520344,-1.0622441738011315,-1.1720542334074115,-1.2006792999721125,-1.224459789224984,-1.2463119547531,-1.1654512867885287,-1.0681610864382094,-1.0375794154857516,-1.1471668729279543,-1.035322070181735,-1.064228461930142,-1.1752336461299677,-1.196858948251716,-1.2195099141928836,-1.2076987584833603,-1.1521744392094035
0.0,0.0,0.0,0.0,0.0,0.0,0.0,0.0,0.0,0.0,0.8776840780811449,0.8694789742404798,0.8959216865505725,0.7921365583453875,0.8444419399095895,0.8284273073360071,0.9374549460360585,0.7607725494779592,0.909498734171505,0.8704604190184138,0.8641470308410267,1.0809671757471273,0.9852913206911176,0.9823391145504444,0.9344864254665767,0.7545736290479493,1.0727116633084544,0.8053665892741969,0.7778715048856581,0.8308306213883101,1.1185351051489358,0.7761029706373622,1.0460994554255283,0.7661439260328791,0.8966427595313893,0.760481439233057,0.865813531250936,0.9109516541232445,1.0159777950937818,0.8131796480100039,1.1490145136185606,0.7992161513855865,0.8283492958333898,0.6828180104316498,0.8512685457518647,0.8562453302581902,0.8812046547154858,0.7439522774340069,0.8213830657054464,0.8268410383949851,1.048995578723327,0.7648594691405608,0.788268218005872,0.7252269729088391,1.0853944487846248,0.7838262554106804,1.0601498279261115,0.7547208932565627,0.9586690089225305,0.7915288054150651,0.9886159558599649,0.6341418761763971,0.6910403224138282,0.6265973525692251,0.9184547959679863,0.7107043414492266,0.9934314280451892,0.759005112591849,0.9561778067860756,0.8147424860621981,0.8894165123349916,0.5807768359909544,0.7103682461953011,0.6678151117351239,0.6513778297155308,0.7600646573029873,0.9564039043092001,0.6977887911483772,0.9339165022008232,0.8350895581236735,0.8135258655631565,0.5529694815597268,0.7399792792998969,0.6210649627481225,0.6833713695290597,0.7218929788045857,0.9642291398880278,0.6881110355815249,0.8019539957681052,0.7966254418501275,0.7340412641605525,0.5232027196484523,0.7677976037561649,0.5853714690918252,0.6860506895547047,0.7060578237560833,0.9489510154736109,0.6434637165493626,0.7525414932751175,0.7827725957823617
0.0,0.0,0.0,0.0,0.0,0.0,0.0,0.0,0.0,0.0,0.0,0.0,0.0,0.0,0.0,0.0,0.0,0.0,0.0,0.0,0.0,0.0,0.0,0.0,0.0,-0.23259754173342886,0.0,0.0,0.0,0.0,0.0,0.0,0.0,0.0,0.0,-0.30767553765136685,-0.2674716278753457,0.0,0.0,0.0,0.0,0.0,0.0,0.0,-0.1394345641536569,0.0,-0.24399020107033306,0.0,0.0,0.0,0.0,0.0,0.0,0.0,0.0,0.0,0.0,0.0,0.0,0.0,0.0,0.0,0.0,0.0,0.0,0.0,0.0,0.0,0.0,0.0,0.0,0.0,0.0,0.060440463966791085,0.0,0.0,-0.1407887276561519,0.18231594136059284,0.2497521826874045,0.14613675740248422,0.0,0.09171879178820783,0.0,0.08525820013806656,0.08487961269573635,0.0,0.0,0.21055360354011743,0.2727701214298424,0.16176335757177437,0.07270299952155312,0.09780416099555111,-0.021021736672395264,0.08681639974990674,0.0940168225170055,-0.01780396766953629,-0.082520576827946,0.22921379575058154,0.24598183405964846,0.1359993679417073
-1.6160236721331107,-1.6231141664123607,-1.7116756754251299,-1.6012365152263102,-1.674335423865156,-1.708501627710973,-1.694220961140256,-1.7686116624481443,-1.6638411243186828,-1.6417770223208006,-1.4991730035262119,-1.35269952636048,-1.3061600373228455,-1.376898121162898,-1.3310940806953662,-1.5072181182920843,-1.252057336758315,-1.4378627693041786,-1.5591176112817464,-1.2809540738512226,-1.3494589071029268,-1.2990998807455538,-1.247647019590557,-1.4111700813812917,-1.2932129328311197,-1.5256940083520474,-1.3681675353064795,-1.5122425231704841,-1.5148416488575012,-1.417608370144873,-1.3630907126340623,-1.4669951752399442,-1.3710014300120494,-1.4541980552080016,-1.5473292276201502,-1.5779299372665372,-1.3044860826591684,-1.3109849169940806,-1.1915957429462327,-1.4557794754259903,-1.06404155060271,-1.508009123568664,-1.450726766159797,-1.4971493793502282,-1.3786341076149584,-1.4843929410864707,-1.3723348129543917,-1.4848090729980818,-1.3522212075683517,-1.473434226908861,-1.0953223443513627,-1.4394654920848784,-1.4111873704879967,-1.249375187995664,-1.1743296661725362,-1.7325291114023644,-1.199228720536215,-1.4005980377999268,-1.4937882330396572,-1.4177436872133402,-1.0335619394799218,-1.5307163573713052,-1.6877638809017628,-1.4573882622168788,-1.362396848422559,-1.683419013243812,-1.2270328065734741,-1.34917465018656,-1.4913845165154314,-1.4011544646083813,-1.273878697475292,-1.6284474335026504,-1.6320461856775745,-1.3685104798275765,-1.7225338586985515,-1.6275182851842935,-1.2731816707432078,-1.2643274827491713,-1.4691198093498397,-1.3919145396151116,-1.2807586116989775,-1.5716265515155183,-1.6055438526798564,-1.4846371551328978,-1.6260233630967413,-1.6984693950393377,-1.213641428696569,-1.2014339491324508,-1.5477449649255215,-1.3842867047630978,-1.3506065519542005,-1.6270338382932437,-1.5771824266870311,-1.4987910901782584,-1.6388908115612395,-1.7153577372412911,-1.2776906816526008,-1.2423244840964713,-1.6009187290689937,-1.3649248004937675
0.0,0.0,0.0,0.0,0.0,0.0,0.0,0.0,0.0,0.0,0.0,0.0,0.0,0.0,0.0,0.0,0.0,0.0,0.0,0.0,0.0,0.0,0.0,0.0,0.0,0.0,0.0,0.0,0.0,0.0,0.0,0.0,0.0,0.0,0.0,0.0,0.0,0.0,0.0,0.0,0.0,0.124807447837334,0.0,0.0,0.14422131924005846,0.0,0.0,0.24736393999412298,0.0,0.12765844279798985,0.0,0.24176026553378124,0.0,0.0,0.3061342203725329,0.0,0.0,0.29622136474101507,0.24084686717891074,0.13448636159783736,0.0,0.0,0.0,0.0,0.13516444827804958,0.0,0.0,0.4262585727524349,0.266539598871159,0.12869127892642487,0.0,0.0,-0.09253022046451519,0.0,0.0,0.0,0.0,0.33957578158437446,0.357272030031849,0.11863233954276776,-0.15194545092772763,0.0,-0.0796361821522576,0.0,0.0,-0.031464963773509706,0.04591545017084002,0.3436771879072229,0.21709798955997603,0.11725119297640127,-0.19577434092353485,-0.0655398456266596,-0.05709660491375246,-0.0687254848776746,0.011348284366263783,-0.06974802154338988,-0.005017388779137377,0.3394769734095604,0.21321474254268935,0.11662137855211085
0.0,0.0,0.0,0.0,0.0,0.0,0.0,0.0,0.0,0.0,0.0,0.0,0.0,0.0,0.0,0.0,0.0,0.0,0.0,0.0,0.0,0.0,0.0,0.0,0.0,0.0,0.0,0.0,0.0,0.0,0.0,0.0,0.0,-0.12882332340894764,0.0,0.0,0.0,0.0,0.0,0.0,-0.41432388144599297,0.0,-0.21656403180250344,0.0,0.0,0.0,0.0,0.0,0.0,0.0,-0.48078929921519814,-0.18667062973167056,-0.10556573581990403,-0.33974281093293696,-0.4554299454818411,0.0,-0.40830723873981717,0.0,0.0,-0.08140530539701153,-0.5974702409380589,-0.5310686331180419,-0.3227475034419159,-0.31554473750739814,-0.5299403751913129,-0.11697099455647736,-0.4033596475260124,0.0,0.0,-0.22187433156301056,-0.5371798651452306,-0.4696215633235384,-0.32483466268542177,-0.469483800784319,-0.5140085056226361,-0.21375643376995912,-0.45966966622009187,-0.17510123992106208,0.0,-0.27311582230836695,-0.5794143966511225,-0.4820149292750646,-0.3132765041982203,-0.4377032018316246,-0.5838293079425351,-0.1833865143557355,-0.517891096039631,-0.214327263565689,-0.1274401452204376,-0.2798430739645875,-0.6191042821353534,-0.5075950599776178,-0.3042396031485879,-0.4788114155210508,-0.5804634941238476,-0.18942738853817787,-0.51081727989461,-0.2090049683611852,-0.10304702095166363,-0.3026818234638142
0.0,0.0,0.0,0.0,0.0,0.0,0.0,0.0,0.0,0.0,0.0,0.0,0.0,0.0,0.0,0.0,0.0,0.0,0.0,0.0,0.0,0.0,0.1839379244888626,0.0,0.0,0.0,0.0,0.0,0.0,0.0,0.0,0.14079929840451047,0.17787364770575453,0.0,0.0,0.15054401395323613,0.0,0.0,0.0,0.0,0.27995509178185524,0.18842178359144698,0.0,0.0,0.0,0.0,0.0,0.0,0.0,0.0,0.26347641358812174,0.0,0.1853265647657905,0.0,0.0,0.37640892666683184,0.2180352477839911,0.0,0.0,0.0,0.2662402737107362,0.32825669310027056,0.3394607469449353,0.09118544791016135,0.0,0.43551360661641575,0.2688293392419124,0.0,0.11667093745174725,0.0,0.38230472325684556,0.3729976977110827,0.40036069190380524,0.2095188550703632,0.43109839463032606,0.4242167327930046,0.2748234721983613,0.0,0.3568658641045811,0.19675010618672728,0.43888109231738537,0.3735990284761786,0.382987165026366,0.35066820699813145,0.3859392585645181,0.5146961279112486,0.2903686337028689,0.03660803196438849,0.37994159752733714,0.19778227143834404,0.5167372728732289,0.4246552698355117,0.33234164949749356,0.3536018333884243,0.3981729796155946,0.54477838696927,0.330012262345619,0.08039893829820244,0.3811922037017723,0.15065662007712888
0.0,0.0,0.0,0.0,0.0,0.0,0.0,0.0,0.0,0.0,0.0,0.0,0.0,0.0,0.0,0.0,0.0,0.0,0.0,0.0,0.0,0.0,0.0,0.0,0.0,0.2431144605900818,0.0,0.0,0.5365249337811608,0.33019471566492264,0.0,0.5483241042818832,0.16422567975869348,0.4853160058988206,0.1760341169115591,0.34136020343267137,0.3305844989258755,0.0,0.5348319788201276,0.409499309022238,0.0,0.6667108499663772,0.5279937490183823,0.48127988292650326,0.3696773717691948,0.3894351251244148,0.334479141260153,0.5242146273979056,0.5404884355102395,0.5667691623184916,0.0,0.5315077754533497,0.44849727586125754,0.28149406298400886,0.32294248733049896,0.0,0.0,0.47946517668901406,0.6036901999556622,0.537298467443319,0.0,0.0,0.0,0.169053096163616,0.0,0.0,0.0,0.5171794883259948,0.5537624507679249,0.3810730283729344,0.0,0.0,0.06310862950833811,0.0,-0.1246420094271082,0.0,0.0,0.36476826280005253,0.4650063532493832,0.28336832457548006,-0.11719245734688474,0.10672565060820584,0.0797393316409697,0.0,-0.1470669592922778,0.0,0.0,0.34352858685012955,0.38159935045402016,0.31231495371675644,-0.1876936267336191,0.03248924688283239,0.12275536021506639,-0.06649211935206267,-0.15383324478234783,-0.02140952500631954,-0.025248430037322578,0.3426227597978766,0.40884255928035884,0.31791981200079533
0.0,0.0,0.0,0.0,0.0,0.0,0.0,0.0,0.0,0.0,0.0,0.0,0.0,0.0,0.0,0.0,0.0,0.0,0.0,0.0,0.0,0.0,0.0,0.0,0.0,0.0,0.0,0.0,0.0,0.0,-0.23943871048290663,0.0,0.0,0.0,0.0,0.0,-0.1937455094862743,-0.5060636733186614,-0.2553645478738515,0.0,-0.35752467520511294,0.0,0.0,-0.354185973395959,-0.2923490562684751,-0.38506955543250626,-0.3397210086900026,-0.3473131505008672,-0.4246630060534351,0.0,-0.38296577879199656,-0.16264678683327308,-0.1299961132827235,-0.3160116984746594,0.0,-0.26974342583328875,-0.29242025010359407,-0.4362358087701718,-0.2823805775645158,0.0,-0.33730761746719845,-0.2852624199387945,0.0,-0.2974802823704748,-0.32397291260251726,-0.3056106686682886,-0.3589971831281694,-0.298395637411442,-0.2604342654587655,-0.08353275363094954,-0.21881004426111184,-0.24821471455777247,-0.07860691960044096,-0.3613652859466665,-0.1597648830866571,-0.29068109298014544,-0.3108393182557078,-0.2897997835402871,0.0,0.0,-0.2636179764124883,-0.1947892618606868,-0.07015503935282116,-0.2718851643492074,-0.17571152519627659,-0.2396036690914839,-0.2696081299106689,-0.30460313470453076,-0.10472129202203508,0.0,-0.24104591749097892,-0.18276097341714603,-0.09782825695428699,-0.2987455023312293,-0.15650565842058484,-0.2167373167664408,-0.27220023939700866,-0.299124083377194,-0.12505693603169732,-0.026397336071255495
0.0,0.0,0.0,0.0,0.0,0.0,0.0,0.0,0.0,0.0,0.0,0.0,0.0,0.0,0.0,0.0,0.0,0.0,0.0,0.0,0.0,0.0,0.0,0.0,0.0,0.0,0.0,0.0,0.0,0.0,0.0,0.0,0.0,0.0,0.0,0.0,0.0,0.14457782687967688,0.0,0.0,0.4085695971476206,0.0,0.0,0.0,0.0,0.0,0.0,0.0,0.0,0.0,0.41159109557131934,0.0,0.21595065041226125,0.0,0.19843965087883753,0.47117045520553347,0.39011263384455414,0.0,0.2633710975324761,0.10281224568463888,0.5949412723708787,0.3903908570442115,0.7119101531980235,0.17013416774517684,0.27786722114573176,0.4843188680874995,0.4942314287827482,0.2494616654617519,0.4907789342419037,0.15265457651569456,0.8395331992326358,0.4656890810234578,0.7230120590988227,0.3464072941150492,0.767024017319578,0.5815236997123021,0.5829847045817886,0.4364543659434273,1.162656285087376,0.5898205685466951,0.9159352979836102,0.5783254660568404,0.7025981213940643,0.5590390624106477,0.8557675111211198,0.7192379870765746,0.6939856135474156,0.43727588822566393,1.1496949024208467,0.5720720998900499,1.0484883081993246,0.6973074926876421,0.6546027759757322,0.6101259857789216,0.905619839356973,0.7434953230580277,0.7099661393202013,0.4984453773796389,1.1106355128899565,0.46140228088704305
0.0,0.0,0.0,0.0,0.0,0.0,0.0,0.0,0.0,0.0,0.0,0.0,0.0,0.0,0.0,0.0,0.0,0.0,0.0,0.0,0.0,0.0,0.0,0.0,0.0,0.0,0.0,-0.24686499300991785,0.0,0.0,0.0,0.0,0.0,0.0,0.0,0.0,0.0,0.0,-0.19387448528822088,-0.17666620370175587,0.0,-0.1296970728976426,0.0,0.16284945811961415,0.0,0.0,0.0,0.0,0.0,0.0,0.0,0.0,0.0,0.11779441491040907,0.0,0.0,0.0,0.0,0.0,0.0,0.0,0.0,0.0,0.10410750923158878,0.0,0.0,0.0,0.0,0.0,-0.07033186374900904,0.0,-0.1096537993044242,0.0,0.1157563639407301,0.0,0.0,0.0,0.0,0.0,-0.1000299533619345,-0.09116476673688052,-0.12215873529938322,0.0,0.10701924913592732,0.0,0.0,-0.07365432038656776,-0.05277497022213184,0.0,-0.09061306102716023,-0.10739663330673466,-0.13350045400483168,0.05061687579915031,0.09263796863169205,0.016866506391934877,-0.07496998299062341,-0.08532347492605652,-0.04432523997820681,0.004252551064269028,-0.09771263932533714
0.0,0.0,0.0,0.0,0.0,0.0,0.0,0.0,0.0,0.0,0.40854832398806573,0.4128345867728738,0.352596199100369,0.26864650392877437,0.41754782658336875,0.3452420483773878,0.4934570839790981,0.41163055734009224,0.5050045671534995,0.43685484688788945,0.5377074059427213,0.6910347349453921,0.47410251957277577,0.40498311878410276,0.5145912720188371,0.5070176995217591,0.5977160907157892,0.4867682681044694,0.7639148369293848,0.3988680811835764,0.7595230512586435,0.7002143282806996,0.5843695919403552,0.6167085786119482,0.6777078578550177,0.6150367367065714,0.9138349616006475,0.6580474624806849,0.9763706616079231,0.5765559662659356,0.9822833904208643,0.7208488965147996,0.5587462992816039,0.7205521844447866,0.809270939706959,0.7660885491378971,0.8605551304111845,0.8913591214850386,0.9891819917227012,0.7394258915680423,1.0822718576856374,0.9338210182749666,0.5369723398147982,0.8319561411202624,1.2206150596998246,0.7650745846488523,1.2693793578082508,0.7400661097058546,1.2108850768023882,0.7797925332703066,1.2889624262004036,1.1216695688099763,0.9189196907792642,0.8691488191183975,1.1633109579776,0.8992129740463041,1.2771156535958232,0.9404398402678728,1.3893940768322528,0.7224662535004934,1.4166787454747491,1.1039531239794258,0.9070109301489677,1.0095196386824608,1.1979046172915016,1.0597640879820882,1.455838109385869,0.9608330656798085,1.7125148484462587,1.0758115539790238,1.3408775147494656,1.1434489561295704,0.8954774570752339,1.1048167053030056,1.3058553146567051,1.1493368492916127,1.4951210625765727,0.9493301621883502,1.660278619625501,1.0556870381617889,1.3480473585474186,1.22668432240377,0.9095294034235053,1.1225135084888649,1.3443641312935881,1.1384051637654409,1.5021680483680768,0.9749749564870598,1.5644016020738718,0.9677216405155207
0.0,0.0,0.0,0.0,0.0,0.0,0.0,0.0,0.0,0.0,0.0,0.0,0.0,0.0,0.0,0.0,0.0,0.0,0.0,0.0,0.0,0.0,0.0,0.0,0.0,0.0,0.0,0.0,-0.5663927203936093,0.0,0.0,-0.40236256870163256,0.0,-0.46827629988223823,0.0,-0.22173082468782998,-0.5234529238536357,0.0,-0.5289648198600629,-0.35741180561094626,0.0,-0.5072420274318222,-0.5091950379632361,-0.6145389786977871,-0.544969941438526,-0.4740741252806559,-0.4733855015908807,-0.649931405429477,-0.7126629647032549,-0.5318874976008325,-0.2689235001379814,-0.7983011513476055,-0.3599794809017112,-0.6202596288063403,-0.6820058694248246,0.0,-0.4218359811771867,-0.6346714272655407,-0.7007268280027351,-0.5687704172173319,-0.5022677529677939,-0.5938302859785644,-0.34664545017391285,-0.6369492797766306,-0.617405590320669,-0.2331792157738074,-0.5382128820814295,-0.7608781990843881,-0.7561807838876251,-0.5958095733948984,-0.5430582414974656,-0.6072415700491008,-0.3530600990417617,-0.6014026576666951,-0.3845036836573285,-0.3185293047251079,-0.6209397830226401,-0.6852534684755935,-0.6861973925694197,-0.6014831302908668,-0.4233993078661289,-0.6559158308487368,-0.3486833793052996,-0.5863756785582721,-0.4397396488067064,-0.31517503956781207,-0.6401507693801936,-0.7031752005207104,-0.6624399361632564,-0.6118877429756423,-0.3752404300241494,-0.62758726172639,-0.38310349484912365,-0.5729970753090896,-0.44601814056520084,-0.27669950329418214,-0.6129189624598155,-0.7062103691402228,-0.654403916328647,-0.6257013290960316
0.0,0.0,0.0,0.0,0.0,0.0,0.0,0.0,0.0,0.0,0.0,0.0,0.0,0.0,0.0,0.0,0.0,0.0,0.0,0.0,0.0,0.0,0.0,0.0,0.0,0.0,0.0,0.0,0.22296834375977317,0.0,0.14178543852407705,0.14646838692166625,0.19109417038718482,0.2205096104652152,0.0,0.0,0.17790487245272257,0.0,0.21639748061434952,0.0,0.0,0.2728698144414588,0.273752199213996,0.25695773150332446,0.2781494078773661,0.31060741463050917,0.2137219691095855,0.2777569485037533,0.3322983604372421,0.16306080396768352,0.1599769152685265,0.3555928368170383,0.20213018357634183,0.2716678544141951,0.4068607085280697,0.0,0.18474638084915662,0.36370465270422325,0.31502649489867296,0.18074205060568793,0.24830070015251693,0.20102216501454195,0.19451540423192715,0.2903767181485199,0.28893903410556154,0.13191808260186438,0.255174194595667,0.440603244941536,0.3589783192368079,0.22377989872831347,0.29190395934011737,0.21297119536150047,0.18390443604129214,0.24747309508715162,0.17575504237858008,0.15980958125429176,0.33035307371927486,0.35685237673736236,0.4428913417682216,0.24044079696097873,0.21582863020981433,0.23906234619241967,0.20273759664591262,0.27124460221952845,0.18126396865257532,0.1619423817420556,0.32645087830777636,0.3537447681405517,0.32263120958240676,0.2269450648120471,0.1703133339448044,0.18896293139455622,0.21207767381940812,0.23033122133138306,0.17633341797628077,0.14853468987952567,0.3136746793437908,0.33117458787791065,0.33687434692333795,0.23637010737189712
0.0,0.0,0.0,0.0,0.0,0.0,0.0,0.0,0.0,0.0,0.0,0.0,0.0,0.0,0.0,0.0,0.0,0.0,0.0,0.0,0.0,0.0,0.0,0.21940730157261978,0.0,0.0,0.0,0.3485933447235976,0.0,0.0,0.19086119501375182,0.0,0.0,0.0,0.22439556933384439,0.0,0.0,0.25045283885864733,0.0,0.0,0.0,0.0,0.0,0.0,0.0,0.0,0.0,0.0,0.0,-0.11073256648409542,0.0,-0.16941967419846124,0.0,0.0,-0.40420752651807645,0.4227521480731772,0.0,0.0,0.0,-0.16263145701362788,-0.1769243787237056,0.20942527895077587,0.3920464835499573,0.160475007855141,0.0,0.4263796445978324,0.0,0.0,0.0,0.0,0.0,0.28831106317874716,0.3653569225228569,0.21045294254523275,0.5098102105483192,0.34039559290063715,0.0,0.0,0.0,0.0,0.1927576200452697,0.2597180268927849,0.34358130970103606,0.3369407603217217,0.41161169124033486,0.40685201366963186,0.0,0.0,0.26291603624125004,0.0,0.3493401950377404,0.33792343169655226,0.266654464074918,0.38268462130869807,0.4033635485845508,0.4830707925700892,0.0778941313311492,6.505373569609674e-05,0.33703896985272763,-0.007554648238638606
0.0,0.0,0.0,0.0,0.0,0.0,0.0,0.0,0.0,0.0,0.0,0.0,0.0,0.0,0.0,0.0,0.0,0.0,0.0,0.0,0.0,0.0,0.0,0.0,0.0,0.0,0.0,0.0,0.0,0.0,0.0,0.0,0.0,0.0,-0.3385270604022254,0.0,0.0,0.0,0.0,0.0,0.0,0.0,0.0,0.0,0.0,0.0,0.0,0.0,0.0,0.0,0.0,0.15968409941285286,0.0,0.0,0.0,-0.19649397999511437,0.0,0.3539324398585305,0.0,0.09174624471991508,0.0,0.0,-0.3264286616081718,0.0,0.0,-0.13874826013820657,0.0,0.3858771710831794,0.0,0.18470364833357836,-0.15863454502519975,0.0,-0.345494832270477,0.0,-0.34961093512091834,-0.18314440630868833,0.0,0.31820434285486565,0.0,0.0,-0.179640959100735,0.0,-0.30980671839767226,-0.1284574373930043,-0.3481582449346475,-0.27518054494142175,0.0,0.33123386982961733,-0.19647691835259218,0.008022585492008972,-0.2761836986195476,-0.155886359178794,-0.271045941616876,-0.18000784538195091,-0.3927660723474986,-0.29688996918616795,-0.048582160802553176,0.3018177863557696,-0.13790231032764666,0.09472407428329177
0.0,0.0,0.0,0.0,0.0,0.0,0.0,0.0,0.0,0.0,0.0,0.0,0.0,-0.3595024726763794,-0.3247647116260926,-0.30177756172213216,0.0,-0.3106444397950189,0.0,0.0,0.0,0.0,0.0,-0.3268188823092474,-0.2516488814541414,-0.456276936351614,0.0,-0.45806335847449553,-0.541732277048001,-0.4068433514286602,-0.3023865116186922,-0.3366302040509079,0.0,-0.6216069923312999,-0.40009013413191513,-0.37176002140371733,-0.29951791848533554,-0.5626553899808858,-0.48926209920256525,-0.5297609312217206,-0.45593942701794055,-0.38456918445108684,-0.21971042916529737,-0.6032093559111287,-0.6034832273645725,-0.48677603014576104,-0.4377626133540424,-0.6961036580558013,-0.6436845617974984,-0.5535914637641636,-0.6138551835147427,-0.4220561003641759,-0.38719103930877574,-0.658041279910637,-0.74404366791216,-0.6645121431485398,-0.6913837522696777,-0.526850589628146,-0.7816133133310277,-0.5738499247479592,-0.8255520362970257,-0.691408294894237,-0.7904884008151176,-0.7217238991132642,-0.7823460683561151,-0.7794292439916725,-0.8059796721767463,-0.6835024520931786,-0.91747945086048,-0.5042761635980907,-1.0577968298114793,-0.7567350829524331,-0.7892100375199921,-0.8700450209713912,-1.0996570875711045,-0.924717862807714,-1.032406126921871,-0.8662363020928725,-1.5373209102909136,-0.9737897709178088,-1.1272845243540026,-0.9038596200981063,-0.7632033034568121,-1.0176470820637333,-1.2631459750444634,-1.0722209096447017,-1.1440292339197717,-0.8637045412127966,-1.5708830601041648,-0.9894422758569618,-1.2350544275263644,-1.047332610382142,-0.7453288758170089,-1.0865266584824838,-1.306494186946395,-1.1011924568494607,-1.1435326149688763,-0.9397043613630842,-1.4836933483755814,-0.8629558599360792
0.0,0.0,0.0,0.0,0.0,0.0,0.0,0.0,0.0,0.0,0.0,0.0,0.0,0.0,0.0,0.0,0.0,0.0,0.0,0.0,0.0,0.0,0.0,0.0,0.0,0.0,0.0,0.0,0.0,0.21461268500616457,0.0,0.0,0.0,0.0,0.0,0.0,0.0,0.0,0.0,0.21539709757641462,0.0,0.22568486059979115,0.0,0.0,0.0,0.0,0.0,0.0,0.0,0.2373499814618812,0.0,0.0,0.16075984284223044,-0.2129107771014436,0.0,0.4748737071177441,0.147366356596763,0.1301112456823465,0.23926814352822948,0.2306336127533881,0.0,0.0,0.38014434547613796,0.0,0.0,0.46061235039427506,0.24313469191357057,0.2644803596576678,0.36449331742243796,0.20488746758384233,0.3082681755142212,0.1818555085923521,0.35335860679915365,0.0,0.43530015870368666,0.42913694148392445,0.24924582709073198,0.3622818270896704,1.0068874479700163,0.5136826873290796,0.36542042885009657,0.3019816091470643,0.35029579400640687,0.21106441407207022,0.4616834555855062,0.5484103173412445,0.38345829538172543,0.35482798873644344,0.9317570382382597,0.5121869414387441,0.4786376707149884,0.35229494971426334,0.30213945197517944,0.21436897574268698,0.49158338941472834,0.5869977254105976,0.37289455595774257,0.40768769966771856,0.9368075515096308,0.42169087454050214
0.0,0.0,0.0,0.0,0.0,0.0,0.0,0.0,0.0,0.0,0.0,0.0,0.0,0.0,0.0,0.0,0.0,0.0,0.0,0.0,0.0,0.0,0.0,0.0,0.0,0.0,0.0,0.0,0.0,0.0,0.0,0.0,0.0,0.0,0.0,0.0,0.0,-0.000888698186486884,0.0,0.0,-0.2750428919842621,0.0,0.35525915346583486,0.0,0.0,0.0,0.0,0.0,0.0,0.0,-0.3448580912465252,0.0,0.0,0.0,0.0,-0.45495531933845856,-0.4457644062654138,0.0,0.0,0.0,-0.45420912620266446,-0.6359772682404751,-0.436344757262812,-0.2534087778029619,-0.27743208721000995,-0.6326243780506755,-0.557943750973046,0.21289332430711264,0.0,0.0,-0.6256410660414774,-0.7366615810419489,-0.49442653151543775,-0.4715906966300106,-0.7436759144780885,-0.6831166321930381,-0.6055443350759477,0.0,-0.40794015927554045,-0.32553853857884524,-0.75804168485835,-0.6868543628716608,-0.45245463962234433,-0.5879335098905805,-0.7863177223774357,-0.7814656427713659,-0.617916566085907,0.0,-0.5103005372792844,-0.32451645988760697,-0.8955847997604138,-0.8362580279613354,-0.3812758295467944,-0.6766594094549703,-0.814427424269013,-0.8250405005925785,-0.6667380964330221,-0.09916402178720318,-0.44429274700520693,-0.24591404674215767
0.0,0.0,0.0,0.0,0.0,0.0,0.0,0.0,0.0,0.0,0.0,0.0,0.0,0.0,0.0,0.0,0.0,0.0,0.0,0.0,0.0,0.0,0.0,0.0,0.0,0.0,0.0,0.0,0.0,0.0,0.24588886360944653,0.0,0.2289804779014352,0.2979954637217714,0.0,0.0,0.0,0.0,0.0,0.0,0.0,0.2117410154753435,0.24207259913964962,0.0,0.0,0.0,0.0,0.0,0.0,0.0,0.0,0.0,0.0,0.0,0.3343837305434422,0.0,0.0,-0.25256782685800155,0.0,0.0,0.22222632035216047,0.0,0.4516058509626162,0.0,0.19927222988796073,0.0,0.15601783282649453,0.0,0.22111999784848826,0.07312551600569021,0.4551120545852194,0.08919012975381459,0.4227998184565975,0.0,0.44638409682398267,0.0999627587923637,0.4042451737332776,0.0,0.6585390404745101,0.35614578608704583,0.4734124332030991,0.19294854733648636,0.4427782352649828,0.19348895010411724,0.46185512585513194,0.20055874848094898,0.48052391410881534,-0.06394774954566429,0.5784863202206493,0.3171473339397735,0.5154334962118412,0.26688604708498076,0.4212480462542487,0.19617676872390177,0.4787858120356532,0.2716362139231734,0.5316710978323869,-0.10255428793061583,0.5737762752835636,0.22990844240277397
0.0,0.0,0.0,0.0,0.0,0.0,0.0,0.0,0.0,0.0,0.0,0.0,0.0,0.0,0.0,0.0,0.0,0.0,0.0,0.0,0.0,0.0,0.0,0.0,0.0,0.0,0.0,0.0,0.0,0.0,-0.18275115862882277,0.2982425065124807,0.0,0.0,0.0,0.0,0.0,0.0,0.0,0.18798459467733325,-0.24697345308697105,0.3068338531060829,0.0,0.24489312205671965,0.0,0.0,0.0,0.28225447966032097,0.0,0.18073076114222106,-0.28371353081986,0.34639456875779584,0.159713820794467,0.0,-0.3620489145514597,-0.18058485728345325,-0.36154829884687634,0.33426378554770525,0.0,0.1480755695560255,-0.5180037061116063,0.0,-0.38183350312035585,0.0,-0.4092234387159907,-0.18512626775053773,-0.4322080370636932,0.21146985904329157,-0.14049922130830933,0.0,-0.6498524837616682,0.0,-0.3777660200996779,-0.16170619899088412,-0.5603058331967624,-0.33210048092951255,-0.6021530363244436,0.0,-0.6227996691605272,-0.340564838738848,-0.7228617780967117,-0.08595770903477515,-0.3877522855951977,-0.2671050324472774,-0.6811916720387545,-0.3927670646178319,-0.6901982697612191,0.0,-0.6210220428251865,-0.2936274448338654,-0.7882005414232509,-0.1984209916115276,-0.36473103958827835,-0.32863842489054207,-0.7091836014539723,-0.4348094984097912,-0.7174470931444148,0.04277261086109263,-0.5529784409235248,-0.20688717577871785
0.0,0.0,0.0,0.0,0.0,0.0,0.0,0.0,0.0,0.0,0.0,0.0,0.0,0.0,0.0,0.0,0.2744751998209112,0.0,0.0,0.0,0.27374389751339523,0.22226496859096065,0.20594550701256092,0.0,0.2490812886096067,0.20074305040907153,0.2621737251827027,0.0,0.3551837087019722,0.0,0.29469304517246864,0.21458003151443333,0.2610671577764795,0.3222790771637723,0.2170130264855306,0.2361445359150868,0.5616540794201028,0.199405087831717,0.5664591262715654,0.12378302734781477,0.0,0.2662844338787875,0.4536748150008385,0.2992398072634395,0.370094833703177,0.43627707284908557,0.4865526811505724,0.29820264564476223,0.49022063769063723,0.26237195474315755,0.142211790034557,0.3505023565745999,0.1699008115197847,0.3190053878529277,0.5230304096364505,0.0,0.3404584231228575,0.32752190405914267,0.4024094921535816,0.29640080052295625,0.20637373555670818,0.0,0.0,0.22500877732648572,0.4677827286474869,0.0,0.31567959478627855,0.37311987093423826,0.34726650266079195,0.38224959868764696,0.08309772850576792,0.0,0.0,0.121436467856026,0.0,0.0,0.33653068641805284,0.28938292512224445,0.0,0.1695865628659388,0.0,0.0,0.029584569261171527,0.0,0.0,-0.10097860372841339,0.3104750224511242,0.2755424704121734,0.0,0.15836189010904017,-0.10138039657550735,-0.07261821959504289,0.07738837815533373,-0.02362859865117173,-0.023793101330383593,-0.11317922220170828,0.29421505112915725,0.19284334615321086,0.01900507711079058,0.219959578331256
1.9477803129749502,1.900714785308774,1.9230334923042796,1.8547790076212176,1.9192404975269293,1.8430060279832816,1.952907412717349,1.8951631415508405,1.8958619490335835,1.8546712951290232,1.7882003239145987,1.7880021834480113,1.768047887062932,1.6549164737454574,1.7516972565694595,1.6448380227033355,1.797163115557822,1.7448244387703256,1.8283054760083706,1.7282457593835616,1.7346351567540048,1.8563151734670815,1.6693934820455698,1.833865644389001,1.672269770669077,1.6051959899786863,1.8371012049298374,1.8091079206485488,2.007481655658581,1.5508053042645191,1.842625428286194,1.8864965981923743,1.7115606158414922,1.8504279625434383,1.7399963143464385,1.6324387078183884,1.8961140350962549,1.818312518529015,1.9704621821731092,1.6075417924073103,1.9354933328313688,1.7063498359802034,1.8464474587931012,1.8214366245639029,1.711465623995248,1.7534984409641379,1.8101206187734704,1.8417450158760729,1.942651205038499,1.643299914770535,1.9890921141840285,1.7917792225746665,1.6742429858844026,1.9781436060882178,1.8253901423574035,1.6323000163039751,1.9755838877995417,1.81995821595801,1.8832599212737002,1.6317777988113726,2.00146015181234,1.9183350567089013,1.7728717846125182,1.9368823105927557,1.8688584555797079,1.7146854252713726,1.9299455490241029,1.8342233576529978,1.8321633001923356,1.7067531490569654,1.9410110413341928,1.8670602901091569,1.7561956604423623,2.0055815165989466,1.772517115992442,1.7808259429968245,1.982115064967968,1.8682406422725764,1.830613852626158,1.7038568672724848,1.9784337952682525,1.8857588712318256,1.7593429498623567,1.958701985328261,1.8313254069075675,1.7704837181391953,1.9984755163638532,1.8856041231530398,1.9236787587795154,1.720205424643762,1.9897122026813037,1.900943527854622,1.7655853982462304,1.9855911762286382,1.8253549521746066,1.76837314831252,1.998532320896274,1.8764598086074784,1.8992189392469783,1.7294463900692847
0.0,0.0,0.0,0.0,0.0,0.0,0.0,0.0,0.0,0.0,0.0,0.0,0.0,0.0,0.0,0.0,0.0,0.0,0.0,0.0,0.0,0.0,0.0,-0.20535728026168082,0.0,-0.22971789637908194,0.0,-0.26339730768987846,0.0,0.0,-0.5014320234038425,0.0,-0.26337960965289586,-0.31737426741988567,0.0,0.0,0.0,-0.2724005217286826,0.0,0.0,0.0,0.0,0.0,0.0,0.0,0.0,-0.1176553577308328,0.0,0.0,0.0,0.0,0.2438487592314535,0.0,0.0,0.0,0.0,0.0,0.0,0.0,0.0,0.0,0.2698847075435899,0.0,0.0,0.0,0.0,0.0,0.0,0.0,0.0,0.0,0.22104887631404882,0.0,0.0,0.0,0.0,-0.19107448766714924,0.0,-0.1995620855676654,0.0,-0.12298864420411088,0.19242254983492407,-0.06020522055318095,0.0,0.0,0.0,-0.1798520317194837,0.08316290777729189,-0.12016139363737441,0.0,-0.10287165505704365,0.19608534429629287,-0.0663705281199185,0.0064376581565852575,0.04337881213990613,-0.06923708503961734,-0.2209300351436383,0.13740379681675563,-0.14445174062545618,0.0077069106313842894
0.9065464768101537,0.8004572480833301,0.8899283445914381,0.8090129584096567,0.9374013069489198,0.862943609049651,0.8771055391772626,0.8811904396471677,0.886744621299745,0.8778452574981286,0.9546934027350784,0.7903000242183077,0.8706953758335604,0.788809792266139,0.9567047867022788,0.8353554249766681,0.9161429947334179,0.9107254939320678,0.9412799868903632,0.9080510887366832,1.2189078087946643,0.8418404136247347,0.9821056377170214,0.8039795174208664,1.1411793470334561,0.9123357487491047,0.9498072883065192,0.9086273610359902,1.173957275470595,1.0271186144015387,0.8490950650773604,0.9977639115364272,1.0004307532135206,0.9675176268957887,1.3342885337932247,0.9569038292172233,1.0537737433055152,0.683510848447807,1.0021403019555082,1.0689520184293855,0.728356659491773,0.9739831823832404,1.2000845335054555,1.0505378158984973,1.1112089634467825,1.061770814010342,1.0303477947087403,0.965123902370874,1.2081300438819114,1.1509297976117228,0.8261278768358624,1.1075402441440683,1.1095120068354054,0.9956156829630092,1.139874044717577,1.0515437917891766,1.0659802425707712,0.9312088768166685,1.206052877557434,1.1788197319074816,0.8611827951201226,1.1057275357341096,1.2520256615362633,1.1309362434251082,1.256974705283459,1.0890330486096593,1.0270605729625257,0.8785234696134236,1.1574399290838306,1.18823237971016,0.9423817108139171,1.0687995992960737,1.2205598399840452,1.0571634949291164,1.3713915773248313,1.0381542410068914,0.8781409712667315,0.988078984751297,0.9945624259795572,1.089242212391499,0.8692527692201366,1.0616736673474974,1.1977528023577464,1.0899796979262217,1.3256231359967314,1.0208560842044776,0.8886178992462799,0.9799599543465959,1.1519930802915523,1.1003536539066918,0.9417035512306597,1.0737695363540354,1.1774493313536425,1.0909477995277541,1.3443745301267995,0.9811651372091745,0.8614636758488388,0.9893400318722598,1.17330221429485,1.1229695468269227
0.0,0.0,0.0,0.0,0.0,0.0,0.0,0.0,0.0,0.0,0.0,-0.29399510023194736,-0.3727470237070515,0.0,0.0,0.0,-0.27971546578050455,0.0,0.0,-0.29566980926716124,-0.44407825887754576,-0.30910228626826347,-0.43136219137805754,0.0,-0.3142964601212236,0.0,-0.24887941775063183,0.0,0.0,-0.3448878415636279,0.0,-0.3472405441726981,-0.35099142383476867,0.0,-0.37005444856532355,-0.2145457745576535,-0.3711274138925351,0.0,-0.36620656320365425,-0.3431759309950883,0.0,-0.514572460245219,-0.4793167709106923,-0.2925526906859839,-0.3511940158391198,-0.24368957977958025,-0.37095669649789903,-0.3171714538139805,-0.4451212706151797,-0.4173233788573504,0.12452173853113854,-0.4870219267017988,-0.484226708456437,0.0,0.0,0.0,0.0,-0.4739567459953693,-0.4606626740336334,-0.4037490389522538,0.27367033845990013,0.0,0.0,0.0,0.0,0.0,0.0,-0.33877418236240836,-0.348071051069652,-0.2664905203323133,0.36758435070392237,0.0,0.0,0.19212602465401282,0.1881992627768472,0.1723388808197073,0.2714639161252285,-0.27992048723281665,0.0,0.0,0.45760514121418194,0.0,0.0,0.2647655782480809,0.28544110787748495,0.25434582140921336,0.2822782609331041,-0.27362697207035197,0.0,-0.025722400442259406,0.5067853512103255,0.11933892138350188,-0.03350928775846285,0.3309037457963626,0.3021610221363318,0.29480806544898996,0.3431121022688046,-0.26498672106046683,-0.06916788838279331,-0.08386963808374048
0.0,0.0,0.0,0.0,0.0,0.0,0.0,0.0,0.0,0.0,0.0,0.0,0.0,0.0,0.0,0.0,0.0,0.0,0.0,0.0,0.0,0.0,0.0,0.0,0.0,0.0,0.0,0.0,0.0,0.0,0.0,0.0,0.0,0.0,0.0,0.0,0.0,0.17231881269828025,0.0,0.0,0.20919068275393982,0.0,0.0,0.0,0.0,0.0,0.0,0.0,0.0,0.0,0.21803526079553845,0.0,0.0,0.0,0.0,0.5196434694001798,0.3088178508484086,0.0,0.0,0.0,0.2757716296204425,0.40689711349009605,0.524126191463188,0.20288602908478517,0.32827248827757977,0.5607615697234664,0.38888313439382693,0.11943078280778133,0.12656891155699915,0.19658874601536835,0.47027888802022144,0.5042604801432575,0.4749744865544813,0.3734968993120271,0.7306824355199564,0.5657910873238832,0.46168239725612303,0.28589039854510595,0.49969517325207435,0.39680766938634293,0.5949994676823163,0.5462552114930473,0.44626074573802754,0.49122957591324057,0.7590159548474346,0.6251042195077297,0.557971255153691,0.300994768742399,0.6403018422422839,0.40815451485433946,0.748104113980844,0.6323176772319101,0.3992042034923031,0.5545818694288869,0.7753663980975034,0.6611546184698653,0.5782734606440556,0.3406276406678046,0.656556864317011,0.3668330125339736
0.0,0.0,0.0,0.0,0.0,0.0,0.0,0.0,0.0,0.0,0.0,0.0,0.0,0.0,0.0,0.0,0.0,0.0,0.0,0.0,0.0,0.0,0.0,0.0,0.0,0.0,0.0,0.0,0.0,0.0,0.0,0.0,0.0,0.0,0.0,0.0,0.0,0.0,0.0,0.0,0.0,0.0,0.0,0.0,0.0,0.0,0.0,0.0,0.0,0.0,0.0,0.0,0.0,0.0,0.0,0.0,0.0,0.0,0.0,0.0,0.0,0.0,-0.1421834770485651,0.0,0.0,0.0,0.0,-0.3334852735363726,-0.2469120407752692,0.0,-0.19777472462815993,0.0,-0.12527435542196105,0.0,-0.2408690610095844,0.0,-0.16029326819184805,-0.22103474127035502,-0.5817564414020195,-0.24658898725764128,-0.20693208124361304,-0.12126011061542792,-0.12675301968956934,-0.17065623454992054,-0.22984461299495942,-0.14576219133560137,-0.18902610285117716,-0.20022937939968033,-0.4856931927452812,-0.23860009447506988,-0.23539959792576326,-0.1312383641619732,-0.12384204851495895,-0.15088453278022484,-0.23978510714633217,-0.17243156122829362,-0.21068151753370046,-0.2019547039770373,-0.5146696412048897,-0.1876311568230591
